<?xml version="1.0" encoding="utf-8"?>
<cesDoc type="text" version="1.0" TEIform="TEI.2">
  <cesHeader type="text" creator="joerg" date.created="Sat Aug 16 03:01:50 2014">
    <fileDesc>
      <titleStmt>
        <h.title />
      </titleStmt>
      <publicationStmt>
        <distributor> </distributor>
        <pubAdress />
        <pubDate>2013-12-18 20:58+0000 </pubDate>
        <availability>free</availability>
      </publicationStmt>
      <sourceDesc>
        <biblStuct>
          <monogr>
            <h.title>src/l10n.gnome.org/POT/gnome-menus.gnome-3-0/gnome-menus.gnome-3-0.gn.po</h.title>
          </monogr>
        </biblStuct>
      </sourceDesc>
    </fileDesc>
    <revisionDesc>
      <change>
        <changeDate>2006-04-25 10:14-0300 </changeDate>
        <respName>Boca  boca@riseup.net  </respName>
      </change>
    </revisionDesc>
  </cesHeader>
  <text>
    <body>
      <div type="section">
<s id="s1">Jaexaa, Porai Nhaendua</s>
<s id="s2">Baemo Jaexaa, Nhaendua</s>
<s id="s3">Jaja Poa</s>
<s id="s4">Jaja Poa</s>
<s id="s5">Arandu</s>
<s id="s6">Jaugaa</s>
<s id="s7">Jaugaty</s>
<s id="s8">Baemo Ra'angaa Jajapoa</s>
<s id="s9">Baemo Ra'angaa Jajapoa Oia</s>
<s id="s12">Kya</s>
<s id="s13">Kya Py Reike Awã Regua</s>
<s id="s14">Nhamboparaa Regua</s>
<s id="s15">Jaekaa OmboparaaPersonal settings</s>
<s id="s17">Preferências e configurações pessoais</s>
<s id="s23">Omboporaa Rerowa Rowaa</s>
<s id="s24">Nhamba'eapoa Pygua</s>
<s id="s25">Nhamba'eapoa Regua</s>
<s id="s26">Enhepynru Apy</s>
<s id="s27">Amboae</s>
<s id="s28">Amboae Regua Jaekaa</s>
<s id="s32">_Eka Apy:</s>
<s id="s33">_Enhepynru Apy:</s>
<s id="s35">Derery</s>
<s id="s36">Oexaukaa</s>
<s id="s38">Omboparaa Regua</s>
<s id="s39">Nhamba'eapoa</s>
<s id="s40">Mba'emon Nhamoia</s>
<s id="s41">Rowapy Jarowa Rowaa</s>
<s id="s42">Maranmi Reipota</s>
<s id="s43">Preferências relativas à acessibilidade</s>
<s id="s44">Nhambotea Regua</s>
<s id="s45">Oekaa Regua Omoin Porãa</s>
<s id="s46">OEKAA REGUA OMOIN PORÃA</s>
      </div>
    </body>
  </text>
</cesDoc>
