<?xml version="1.0" encoding="utf-8"?>
<cesDoc type="text" version="1.0" TEIform="TEI.2">
  <cesHeader type="text" creator="joerg" date.created="Sat Aug 16 03:01:50 2014">
    <fileDesc>
      <titleStmt>
        <h.title />
      </titleStmt>
      <publicationStmt>
        <distributor> </distributor>
        <pubAdress />
        <pubDate>2013-12-18 20:57+0000 </pubDate>
        <availability>free</availability>
      </publicationStmt>
      <sourceDesc>
        <biblStuct>
          <monogr>
            <h.title>src/l10n.gnome.org/POT/gnome-menus.gnome-2-28/gnome-menus.gnome-2-28.gn.po</h.title>
          </monogr>
        </biblStuct>
      </sourceDesc>
    </fileDesc>
    <revisionDesc>
      <change>
        <changeDate>2006-04-25 10:14-0300 </changeDate>
        <respName>Boca  boca@riseup.net  </respName>
      </change>
    </revisionDesc>
  </cesHeader>
  <text>
    <body>
      <div type="section">
<s id="s1">Jaexaa, Porai Nhaendua</s>
<s id="s2">Baemo Jaexaa, Nhaendua</s>
<s id="s3">Jaja Poa</s>
<s id="s4">Jaja Poa</s>
<s id="s5">Arandu</s>
<s id="s6">Jaugaa</s>
<s id="s7">Jaugaty</s>
<s id="s8">Baemo Ra'angaa Jajapoa</s>
<s id="s9">Baemo Ra'angaa Jajapoa Oia</s>
<s id="s16">Kya</s>
<s id="s17">Kya Py Reike Awã Regua</s>
<s id="s18">Nhamboparaa Regua</s>
<s id="s19">Jaekaa Omboparaa</s>
<s id="s21">Preferências e configurações pessoais</s>
<s id="s22">Nhambotea Regua</s>
<s id="s24">Maranmi Reipota</s>
<s id="s25">Rowapy Jarowa Rowaa</s>
<s id="s31">Omboporaa Rerowa Rowaa</s>
<s id="s32">Nhamba'eapoa Pygua</s>
<s id="s33">Nhamba'eapoa Regua</s>
<s id="s34">Enhepynru Apy</s>
<s id="s35">Mba'emon Nhamoia</s>
<s id="s36">Amboae</s>
<s id="s37">Amboae Regua Jaekaa</s>
<s id="s41">_Eka Apy:</s>
<s id="s42">_Enhepynru Apy:</s>
<s id="s44">Derery</s>
<s id="s45">Oexaukaa</s>
<s id="s47">Oekaa Regua Omoin Porãa</s>
<s id="s48">OEKAA REGUA OMOIN PORÃA</s>
<s id="s58">Omboparaa Regua</s>
<s id="s59">Nhamba'eapoa</s>
<s id="s60">Preferências relativas à acessibilidade</s>
      </div>
    </body>
  </text>
</cesDoc>
